workerid,proliferate.condition,time_in_minutes,error
913,pilot,3.2024166666666667,
909,pilot,3.953766666666666,
912,pilot,2.86395,
910,pilot,2.444916666666667,
914,pilot,4.506283333333333,
